1) Fotografe os resíduos,2) Partilhe a localização,Submission ID,Submission Date,,id,date,latitude,longitude,photo_1,photo_2,photo_3,photo_4,photo_5,photo_1 link,photo_2 link,photo_3 link,photo_4 link,photo_5 link,Link counter,Photo check 1,Photo check 2,Photo check 3,Photo check 4,Photo check 5,Photo checker
"https://www.jotform.com/uploads/jeroenbaardolf988/261914332231044/6596796272257861454/image.jpg
https://www.jotform.com/uploads/jeroenbaardolf988/261914332231044/6596796272257861454/image_7895.jpg
https://www.jotform.com/uploads/jeroenbaardolf988/261914332231044/6596796272257861454/image_4574.jpg","Longitude: -8.87521672994725
Latitude: 38.56269957966968",6596796272257861454,2026-07-12 16:33:52,,VB001,12-07-2026,38.56269957966968,-8.87521672994725,https://www.dropbox.com/scl/fi/a8lb1vdggy0q2uldpyhr3/image.jpg?rlkey=s99kk6rfw91dnfchxs4x5if85&st=z0347tuc&raw=1,https://www.dropbox.com/scl/fi/aou1lpv8wr40t3of0blpm/image_7895.jpg?rlkey=fglk5ux7vbnyk1nixz4v9yy2v&st=mtuwib9p&raw=1,https://www.dropbox.com/scl/fi/2bf1ce5lyxj6n2qgn1q7e/image_4574.jpg?rlkey=pbx3ygkyj9xfp4byqaq5hp0a2&st=5h1ts6ix&raw=1,,,https://www.dropbox.com/scl/fi/a8lb1vdggy0q2uldpyhr3/image.jpg?rlkey=s99kk6rfw91dnfchxs4x5if85&st=z0347tuc&dl=0,https://www.dropbox.com/scl/fi/aou1lpv8wr40t3of0blpm/image_7895.jpg?rlkey=fglk5ux7vbnyk1nixz4v9yy2v&st=mtuwib9p&dl=0,https://www.dropbox.com/scl/fi/2bf1ce5lyxj6n2qgn1q7e/image_4574.jpg?rlkey=pbx3ygkyj9xfp4byqaq5hp0a2&st=5h1ts6ix&dl=0,,,3,TRUE,TRUE,TRUE,,,✅ Alles OK
"https://www.jotform.com/uploads/jeroenbaardolf988/261914332231044/6596801942257644973/IMG_3877.jpeg
https://www.jotform.com/uploads/jeroenbaardolf988/261914332231044/6596801942257644973/IMG_3876.jpeg
https://www.jotform.com/uploads/jeroenbaardolf988/261914332231044/6596801942257644973/IMG_3875.jpeg","Longitude: -8.875168534004013
Latitude: 38.56733510739968",6596801942257644973,2026-07-12 16:43:19,,VB002,12-07-2026,38.56733510739968,-8.875168534004013,https://www.dropbox.com/scl/fi/5zcjlxwcoo6thevae69cc/IMG_3877.jpeg?rlkey=93jcqmhauvf8641imauzgimik&st=jgn07j2t&raw=1,https://www.dropbox.com/scl/fi/ltui07ud7vqdiqo591gsr/IMG_3876.jpeg?rlkey=2udj9krjslom498i7z8zlrbla&st=lj5hwgo1&raw=1,https://www.dropbox.com/scl/fi/7lc50tv9980qcvh5538hx/IMG_3875.jpeg?rlkey=ilunhwg7249318iru6hz3s9ql&st=0g0h2e3a&raw=1,,,https://www.dropbox.com/scl/fi/5zcjlxwcoo6thevae69cc/IMG_3877.jpeg?rlkey=93jcqmhauvf8641imauzgimik&st=jgn07j2t&dl=0,https://www.dropbox.com/scl/fi/ltui07ud7vqdiqo591gsr/IMG_3876.jpeg?rlkey=2udj9krjslom498i7z8zlrbla&st=lj5hwgo1&dl=0,https://www.dropbox.com/scl/fi/7lc50tv9980qcvh5538hx/IMG_3875.jpeg?rlkey=ilunhwg7249318iru6hz3s9ql&st=0g0h2e3a&dl=0,,,3,TRUE,TRUE,TRUE,,,✅ Alles OK
"https://www.jotform.com/uploads/jeroenbaardolf988/261914332231044/6601705034218568106/IMG_3893.jpeg
https://www.jotform.com/uploads/jeroenbaardolf988/261914332231044/6601705034218568106/IMG_3894.jpeg
https://www.jotform.com/uploads/jeroenbaardolf988/261914332231044/6601705034218568106/IMG_3892.jpeg","Longitude: -8.877762647593704
Latitude: 38.56436821764578",6601705034218568106,2026-07-18 8:55:08,,VB003,18-07-2026,38.56436821764578,-8.877762647593704,https://www.dropbox.com/scl/fi/qmhnnesbjvcg3b55i8bbf/IMG_3893.jpeg?rlkey=xk54hhz79d4om8zv70fsixhdx&st=mhzhr8ft&raw=1,https://www.dropbox.com/scl/fi/62vck904d57vskg5notdu/IMG_3894.jpeg?rlkey=zmyfshexrw3tijdk43tl4h1gk&st=wlrwxjsc&raw=1,https://www.dropbox.com/scl/fi/o50bb9lhskac6noc1znbu/IMG_3892.jpeg?rlkey=m4e9ov17amf62jytvq5dan2sg&st=x1awso68&raw=1,,,https://www.dropbox.com/scl/fi/qmhnnesbjvcg3b55i8bbf/IMG_3893.jpeg?rlkey=xk54hhz79d4om8zv70fsixhdx&st=mhzhr8ft&dl=0,https://www.dropbox.com/scl/fi/62vck904d57vskg5notdu/IMG_3894.jpeg?rlkey=zmyfshexrw3tijdk43tl4h1gk&st=wlrwxjsc&dl=0,https://www.dropbox.com/scl/fi/o50bb9lhskac6noc1znbu/IMG_3892.jpeg?rlkey=m4e9ov17amf62jytvq5dan2sg&st=x1awso68&dl=0,,,3,TRUE,TRUE,TRUE,,,✅ Alles OK
"https://www.jotform.com/uploads/jeroenbaardolf988/261914332231044/6601715514212535302/IMG_3898.jpeg
https://www.jotform.com/uploads/jeroenbaardolf988/261914332231044/6601715514212535302/IMG_3899.jpeg
https://www.jotform.com/uploads/jeroenbaardolf988/261914332231044/6601715514212535302/IMG_3896.jpeg
https://www.jotform.com/uploads/jeroenbaardolf988/261914332231044/6601715514212535302/IMG_3897.jpeg
https://www.jotform.com/uploads/jeroenbaardolf988/261914332231044/6601715514212535302/IMG_3895.jpeg","Longitude: -8.877762647593704
Latitude: 38.56436821764578",6601715514212535302,2026-07-18 9:12:43,,VB004,18-07-2026,38.56436821764578,-8.877762647593704,https://www.dropbox.com/scl/fi/0y4p3ezgu083t0555vj0l/IMG_3898.jpeg?rlkey=6lguinmqx3v5wxdny4yzncz14&st=yz39br0x&raw=1,https://www.dropbox.com/scl/fi/hyxj9nqvqhm6etytxu4mr/IMG_3899.jpeg?rlkey=cenov0makkiqhsad5g5nev8ld&st=nop0u8zn&raw=1,https://www.dropbox.com/scl/fi/61qk0djqfvkqzghin74zg/IMG_3896.jpeg?rlkey=us3tj96bl135xo3sx420ip72y&st=iw7x7td2&raw=1,https://www.dropbox.com/scl/fi/dyxeq69n63whwqh6221pr/IMG_3897.jpeg?rlkey=lzmzjyybah8qj13l4ritk92i8&st=1cpueqln&raw=1,https://www.dropbox.com/scl/fi/8d03th0fuhqxwg8rzxl9c/IMG_3895.jpeg?rlkey=2bg7gryu4vov8ptb6fsg0pyj7&st=pydx2t7h&raw=1,https://www.dropbox.com/scl/fi/0y4p3ezgu083t0555vj0l/IMG_3898.jpeg?rlkey=6lguinmqx3v5wxdny4yzncz14&st=yz39br0x&dl=0,https://www.dropbox.com/scl/fi/hyxj9nqvqhm6etytxu4mr/IMG_3899.jpeg?rlkey=cenov0makkiqhsad5g5nev8ld&st=nop0u8zn&dl=0,https://www.dropbox.com/scl/fi/61qk0djqfvkqzghin74zg/IMG_3896.jpeg?rlkey=us3tj96bl135xo3sx420ip72y&st=iw7x7td2&dl=0,https://www.dropbox.com/scl/fi/dyxeq69n63whwqh6221pr/IMG_3897.jpeg?rlkey=lzmzjyybah8qj13l4ritk92i8&st=1cpueqln&dl=0,https://www.dropbox.com/scl/fi/8d03th0fuhqxwg8rzxl9c/IMG_3895.jpeg?rlkey=2bg7gryu4vov8ptb6fsg0pyj7&st=pydx2t7h&dl=0,5,TRUE,TRUE,TRUE,TRUE,TRUE,✅ Alles OK
"https://www.jotform.com/uploads/jeroenbaardolf988/261914332231044/6601721284214409317/IMG_3903.jpeg
https://www.jotform.com/uploads/jeroenbaardolf988/261914332231044/6601721284214409317/image.jpg
https://www.jotform.com/uploads/jeroenbaardolf988/261914332231044/6601721284214409317/IMG_3902.jpeg
https://www.jotform.com/uploads/jeroenbaardolf988/261914332231044/6601721284214409317/IMG_3901.jpeg","Longitude: -8.877762647593704
Latitude: 38.56436821764578",6601721284214409317,2026-07-18 9:22:15,,VB005,18-07-2026,38.56436821764578,-8.877762647593704,https://www.dropbox.com/scl/fi/9qpz231oidxdvcic1s910/IMG_3903.jpeg?rlkey=dp3rwkrwjqh95ca3lajyi6w0m&st=ngw0xsg8&raw=1,https://www.dropbox.com/scl/fi/y6yzc749j93k4d0es9e22/image-1.jpg?rlkey=s6fmpk4u99d6rp8mgcthp6k6x&st=04c1323k&raw=1,https://www.dropbox.com/scl/fi/2qc47nmhryo2v2iuxjqkr/IMG_3902.jpeg?rlkey=xghr0n8owlufae9axiqh1wdbu&st=13osfnxj&raw=1,https://www.dropbox.com/scl/fi/in2bik1x0fnw63rmh4k1d/IMG_3901.jpeg?rlkey=w4uobgoah1gya7am9mo5h9rlq&st=nqwyzvgj&raw=1,,https://www.dropbox.com/scl/fi/9qpz231oidxdvcic1s910/IMG_3903.jpeg?rlkey=dp3rwkrwjqh95ca3lajyi6w0m&st=ngw0xsg8&dl=0,https://www.dropbox.com/scl/fi/y6yzc749j93k4d0es9e22/image-1.jpg?rlkey=s6fmpk4u99d6rp8mgcthp6k6x&st=04c1323k&dl=0,https://www.dropbox.com/scl/fi/2qc47nmhryo2v2iuxjqkr/IMG_3902.jpeg?rlkey=xghr0n8owlufae9axiqh1wdbu&st=13osfnxj&dl=0,https://www.dropbox.com/scl/fi/in2bik1x0fnw63rmh4k1d/IMG_3901.jpeg?rlkey=w4uobgoah1gya7am9mo5h9rlq&st=nqwyzvgj&dl=0,,4,TRUE,TRUE,TRUE,TRUE,,✅ Alles OK
https://www.jotform.com/uploads/jeroenbaardolf988/261914332231044/6601723224211588830/image.jpg,"Longitude: -8.877762647593704
Latitude: 38.56436821764578",6601723224211588830,2026-07-18 9:25:24,,VB006,18-07-2026,38.56436821764578,-8.877762647593704,https://www.dropbox.com/scl/fi/a2xv2v01mhhlanugvpszm/image-2.jpg?rlkey=633dz8ztsdoxnl4njgxuv3mt6&st=tltc3da6&raw=1,,,,,https://www.dropbox.com/scl/fi/a2xv2v01mhhlanugvpszm/image-2.jpg?rlkey=633dz8ztsdoxnl4njgxuv3mt6&st=tltc3da6&dl=0,,,,,1,TRUE,,,,,✅ Alles OK
https://www.jotform.com/uploads/jeroenbaardolf988/261914332231044/6601724743216970944/image.jpg,"Longitude: -8.872544959216482
Latitude: 38.5662481766729",6601724743216970944,2026-07-18 9:27:56,,VB007,18-07-2026,38.5662481766729,-8.872544959216482,https://www.dropbox.com/scl/fi/3i30tvvwm76acveot1tih/image-3.jpg?rlkey=8mdga6c8zrabnc4edrpxdgaue&st=7yqgykp1&raw=1,,,,,https://www.dropbox.com/scl/fi/3i30tvvwm76acveot1tih/image-3.jpg?rlkey=8mdga6c8zrabnc4edrpxdgaue&st=7yqgykp1&dl=0,,,,,1,TRUE,,,,,✅ Alles OK
"https://www.jotform.com/uploads/jeroenbaardolf988/261914332231044/6602595864215312978/IMG_3909.jpeg
https://www.jotform.com/uploads/jeroenbaardolf988/261914332231044/6602595864215312978/IMG_3908.jpeg
https://www.jotform.com/uploads/jeroenbaardolf988/261914332231044/6602595864215312978/IMG_3910.jpeg","Longitude: -8.871115704288261
Latitude: 38.56175569240257",6602595864215312978,2026-07-19 9:39:52,,VB008,19-07-2026,38.56175569240257,-8.871115704288261,https://www.dropbox.com/scl/fi/rnhlgkjwcs44pmcv65euc/IMG_3909.jpeg?rlkey=encratviwg54u944efyfhb947&st=0loi4i81&raw=1,https://www.dropbox.com/scl/fi/lbnydakny4fy3k6tqal9h/IMG_3908.jpeg?rlkey=9ys9bjv05k0i14zxl1jgldtf7&st=1q153e6x&raw=1,https://www.dropbox.com/scl/fi/n38ag7s2hxcbmzvi5dhse/IMG_3910.jpeg?rlkey=fy8azt2ebq9vaxl7hog3ozaen&st=t8j9vtgl&raw=1,,,https://www.dropbox.com/scl/fi/rnhlgkjwcs44pmcv65euc/IMG_3909.jpeg?rlkey=encratviwg54u944efyfhb947&st=0loi4i81&dl=0,https://www.dropbox.com/scl/fi/lbnydakny4fy3k6tqal9h/IMG_3908.jpeg?rlkey=9ys9bjv05k0i14zxl1jgldtf7&st=1q153e6x&dl=0,https://www.dropbox.com/scl/fi/n38ag7s2hxcbmzvi5dhse/IMG_3910.jpeg?rlkey=fy8azt2ebq9vaxl7hog3ozaen&st=t8j9vtgl&dl=0,,,3,TRUE,TRUE,TRUE,,,✅ Alles OK
https://www.jotform.com/uploads/jeroenbaardolf988/261914332231044/6604692178424993941/image.jpg,"Longitude: -8.872544959216482
Latitude: 38.5662481766729",6604692178424993941,2026-07-21 19:53:39,,VB009,21-07-2026,38.5662481766729,-8.872544959216482,https://www.dropbox.com/scl/fi/jj6rnnr7na7sbdmu7th5y/image-4.jpg?rlkey=tcpylux82g134ox17xefe2yhc&st=rygpetvx&raw=1,,,,,https://www.dropbox.com/scl/fi/jj6rnnr7na7sbdmu7th5y/image-4.jpg?rlkey=tcpylux82g134ox17xefe2yhc&st=rygpetvx&dl=0,,,,,1,TRUE,,,,,✅ Alles OK
https://www.jotform.com/uploads/jeroenbaardolf988/261914332231044/6604692678422814578/image.jpg,"Longitude: -8.854474502988547
Latitude: 38.57060664734581",6604692678422814578,2026-07-21 19:54:29,,VB010,21-07-2026,38.57060664734581,-8.854474502988547,https://www.dropbox.com/scl/fi/qzqd8aoq5eefp30gsn08d/image-5.jpg?rlkey=qkoocmvh8n3z62eunbvsd4009&st=iiukzzcc&raw=1,,,,,https://www.dropbox.com/scl/fi/qzqd8aoq5eefp30gsn08d/image-5.jpg?rlkey=qkoocmvh8n3z62eunbvsd4009&st=iiukzzcc&dl=0,,,,,1,TRUE,,,,,✅ Alles OK
https://www.jotform.com/uploads/jeroenbaardolf988/261914332231044/6604693238423704392/image.jpg,"Longitude: -8.854474502988547
Latitude: 38.57060664734581",6604693238423704392,2026-07-21 19:55:25,,VB011,21-07-2026,38.57060664734581,-8.854474502988547,https://www.dropbox.com/scl/fi/wtwfg03wmbqef0wrb6jcp/image-6.jpg?rlkey=y3qmmfeebfjcl0uzjf48cye2q&st=x2mr5aal&raw=1,,,,,https://www.dropbox.com/scl/fi/wtwfg03wmbqef0wrb6jcp/image-6.jpg?rlkey=y3qmmfeebfjcl0uzjf48cye2q&st=x2mr5aal&dl=0,,,,,1,TRUE,,,,,✅ Alles OK
https://www.jotform.com/uploads/jeroenbaardolf988/261914332231044/6604694858421847470/image.jpg,"Longitude: -8.854578171688466
Latitude: 38.570586955850544",6604694858421847470,2026-07-21 19:58:07,,VB012,21-07-2026,38.570586955850544,-8.854578171688466,https://www.dropbox.com/scl/fi/bnpy2j4mc9eay9la4dfh8/image-7.jpg?rlkey=ioh0fg5njzlu9ecrf4txzalxn&st=53kqfpu7&raw=1,,,,,https://www.dropbox.com/scl/fi/bnpy2j4mc9eay9la4dfh8/image-7.jpg?rlkey=ioh0fg5njzlu9ecrf4txzalxn&st=53kqfpu7&dl=0,,,,,1,TRUE,,,,,✅ Alles OK
https://www.jotform.com/uploads/jeroenbaardolf988/261914332231044/6604697288421184388/image.jpg,"Longitude: -8.85491496600609
Latitude: 38.574882510676",6604697288421184388,2026-07-21 20:02:10,,VB013,21-07-2026,38.574882510676,-8.85491496600609,https://www.dropbox.com/scl/fi/k978898znqvxnrh1rw9et/image-8.jpg?rlkey=0jctn72wbq85i3x6hi0e1mgk3&st=o7y9yaas&raw=1,,,,,https://www.dropbox.com/scl/fi/k978898znqvxnrh1rw9et/image-8.jpg?rlkey=0jctn72wbq85i3x6hi0e1mgk3&st=o7y9yaas&dl=0,,,,,1,TRUE,,,,,✅ Alles OK
https://www.jotform.com/uploads/jeroenbaardolf988/261914332231044/6605546448423641379/image.jpg,"Longitude: -8.850115884052547
Latitude: 38.56325903840659",6605546448423641379,2026-07-22 19:37:26,,VB014,22-07-2026,38.56325903840659,-8.850115884052547,https://www.dropbox.com/scl/fi/n9o6rpuykkspkd67reu4l/image-9.jpg?rlkey=zt81goviokw9w4p775sgzgm4s&st=73cp9hhf&raw=1,,,,,https://www.dropbox.com/scl/fi/n9o6rpuykkspkd67reu4l/image-9.jpg?rlkey=zt81goviokw9w4p775sgzgm4s&st=73cp9hhf&dl=0,,,,,1,TRUE,,,,,✅ Alles OK
https://www.jotform.com/uploads/jeroenbaardolf988/261914332231044/6605547128426996579/image.jpg,"Longitude: -8.850205888014797
Latitude: 38.5632961578136",6605547128426996579,2026-07-22 19:38:34,,VB015,22-07-2026,38.5632961578136,-8.850205888014797,https://www.dropbox.com/scl/fi/7xr55m068zvxdsi6eefeo/image-10.jpg?rlkey=h7uz4b8dpgtt0clf1h51bxg1x&st=w9dnhaae&raw=1,,,,,https://www.dropbox.com/scl/fi/7xr55m068zvxdsi6eefeo/image-10.jpg?rlkey=h7uz4b8dpgtt0clf1h51bxg1x&st=w9dnhaae&dl=0,,,,,1,TRUE,,,,,✅ Alles OK
,,,,,,,,,,,,,,,,,,,0,,,,,,
,,,,,,,,,,,,,,,,,,,0,,,,,,
,,,,,,,,,,,,,,,,,,,0,,,,,,
,,,,,,,,,,,,,,,,,,,0,,,,,,
,,,,,,,,,,,,,,,,,,,0,,,,,,
,,,,,,,,,,,,,,,,,,,0,,,,,,
,,,,,,,,,,,,,,,,,,,0,,,,,,
,,,,,,,,,,,,,,,,,,,0,,,,,,
,,,,,,,,,,,,,,,,,,,0,,,,,,
,,,,,,,,,,,,,,,,,,,0,,,,,,
,,,,,,,,,,,,,,,,,,,0,,,,,,
,,,,,,,,,,,,,,,,,,,0,,,,,,
,,,,,,,,,,,,,,,,,,,0,,,,,,
,,,,,,,,,,,,,,,,,,,0,,,,,,
,,,,,,,,,,,,,,,,,,,0,,,,,,
,,,,,,,,,,,,,,,,,,,0,,,,,,
,,,,,,,,,,,,,,,,,,,0,,,,,,
,,,,,,,,,,,,,,,,,,,0,,,,,,
,,,,,,,,,,,,,,,,,,,0,,,,,,
,,,,,,,,,,,,,,,,,,,0,,,,,,
,,,,,,,,,,,,,,,,,,,0,,,,,,
,,,,,,,,,,,,,,,,,,,0,,,,,,
,,,,,,,,,,,,,,,,,,,0,,,,,,
,,,,,,,,,,,,,,,,,,,0,,,,,,
,,,,,,,,,,,,,,,,,,,0,,,,,,
,,,,,,,,,,,,,,,,,,,0,,,,,,
,,,,,,,,,,,,,,,,,,,0,,,,,,
,,,,,,,,,,,,,,,,,,,0,,,,,,
,,,,,,,,,,,,,,,,,,,0,,,,,,
,,,,,,,,,,,,,,,,,,,0,,,,,,
,,,,,,,,,,,,,,,,,,,0,,,,,,
,,,,,,,,,,,,,,,,,,,0,,,,,,
,,,,,,,,,,,,,,,,,,,0,,,,,,
,,,,,,,,,,,,,,,,,,,0,,,,,,
,,,,,,,,,,,,,,,,,,,0,,,,,,
,,,,,,,,,,,,,,,,,,,0,,,,,,
,,,,,,,,,,,,,,,,,,,0,,,,,,
,,,,,,,,,,,,,,,,,,,0,,,,,,
,,,,,,,,,,,,,,,,,,,0,,,,,,
,,,,,,,,,,,,,,,,,,,0,,,,,,
,,,,,,,,,,,,,,,,,,,0,,,,,,
,,,,,,,,,,,,,,,,,,,0,,,,,,
,,,,,,,,,,,,,,,,,,,0,,,,,,
,,,,,,,,,,,,,,,,,,,0,,,,,,
,,,,,,,,,,,,,,,,,,,0,,,,,,
,,,,,,,,,,,,,,,,,,,0,,,,,,
,,,,,,,,,,,,,,,,,,,0,,,,,,
,,,,,,,,,,,,,,,,,,,0,,,,,,
,,,,,,,,,,,,,,,,,,,0,,,,,,
,,,,,,,,,,,,,,,,,,,0,,,,,,
,,,,,,,,,,,,,,,,,,,0,,,,,,
,,,,,,,,,,,,,,,,,,,0,,,,,,
,,,,,,,,,,,,,,,,,,,0,,,,,,
,,,,,,,,,,,,,,,,,,,0,,,,,,
,,,,,,,,,,,,,,,,,,,0,,,,,,
,,,,,,,,,,,,,,,,,,,0,,,,,,
,,,,,,,,,,,,,,,,,,,0,,,,,,
,,,,,,,,,,,,,,,,,,,0,,,,,,
,,,,,,,,,,,,,,,,,,,0,,,,,,
,,,,,,,,,,,,,,,,,,,0,,,,,,
,,,,,,,,,,,,,,,,,,,0,,,,,,
,,,,,,,,,,,,,,,,,,,0,,,,,,
,,,,,,,,,,,,,,,,,,,0,,,,,,
,,,,,,,,,,,,,,,,,,,0,,,,,,
,,,,,,,,,,,,,,,,,,,0,,,,,,
,,,,,,,,,,,,,,,,,,,0,,,,,,
,,,,,,,,,,,,,,,,,,,0,,,,,,
,,,,,,,,,,,,,,,,,,,0,,,,,,
,,,,,,,,,,,,,,,,,,,0,,,,,,
,,,,,,,,,,,,,,,,,,,0,,,,,,
,,,,,,,,,,,,,,,,,,,0,,,,,,
,,,,,,,,,,,,,,,,,,,0,,,,,,
,,,,,,,,,,,,,,,,,,,0,,,,,,
,,,,,,,,,,,,,,,,,,,0,,,,,,
,,,,,,,,,,,,,,,,,,,0,,,,,,
,,,,,,,,,,,,,,,,,,,0,,,,,,
,,,,,,,,,,,,,,,,,,,0,,,,,,
,,,,,,,,,,,,,,,,,,,0,,,,,,
,,,,,,,,,,,,,,,,,,,0,,,,,,
,,,,,,,,,,,,,,,,,,,0,,,,,,
,,,,,,,,,,,,,,,,,,,0,,,,,,
,,,,,,,,,,,,,,,,,,,0,,,,,,
,,,,,,,,,,,,,,,,,,,0,,,,,,
,,,,,,,,,,,,,,,,,,,0,,,,,,
,,,,,,,,,,,,,,,,,,,0,,,,,,
,,,,,,,,,,,,,,,,,,,0,,,,,,
,,,,,,,,,,,,,,,,,,,0,,,,,,
,,,,,,,,,,,,,,,,,,,0,,,,,,
,,,,,,,,,,,,,,,,,,,0,,,,,,
,,,,,,,,,,,,,,,,,,,0,,,,,,
,,,,,,,,,,,,,,,,,,,0,,,,,,
,,,,,,,,,,,,,,,,,,,0,,,,,,
,,,,,,,,,,,,,,,,,,,0,,,,,,
,,,,,,,,,,,,,,,,,,,0,,,,,,
,,,,,,,,,,,,,,,,,,,0,,,,,,
,,,,,,,,,,,,,,,,,,,0,,,,,,
,,,,,,,,,,,,,,,,,,,0,,,,,,
,,,,,,,,,,,,,,,,,,,0,,,,,,
,,,,,,,,,,,,,,,,,,,0,,,,,,
,,,,,,,,,,,,,,,,,,,0,,,,,,
,,,,,,,,,,,,,,,,,,,0,,,,,,
,,,,,,,,,,,,,,,,,,,0,,,,,,
,,,,,,,,,,,,,,,,,,,0,,,,,,
,,,,,,,,,,,,,,,,,,,0,,,,,,
,,,,,,,,,,,,,,,,,,,0,,,,,,
,,,,,,,,,,,,,,,,,,,0,,,,,,
,,,,,,,,,,,,,,,,,,,0,,,,,,
,,,,,,,,,,,,,,,,,,,0,,,,,,
,,,,,,,,,,,,,,,,,,,0,,,,,,
,,,,,,,,,,,,,,,,,,,0,,,,,,
,,,,,,,,,,,,,,,,,,,0,,,,,,
,,,,,,,,,,,,,,,,,,,0,,,,,,
,,,,,,,,,,,,,,,,,,,0,,,,,,
,,,,,,,,,,,,,,,,,,,0,,,,,,
,,,,,,,,,,,,,,,,,,,0,,,,,,
,,,,,,,,,,,,,,,,,,,0,,,,,,
,,,,,,,,,,,,,,,,,,,0,,,,,,
,,,,,,,,,,,,,,,,,,,0,,,,,,
,,,,,,,,,,,,,,,,,,,0,,,,,,
,,,,,,,,,,,,,,,,,,,0,,,,,,
,,,,,,,,,,,,,,,,,,,0,,,,,,
,,,,,,,,,,,,,,,,,,,0,,,,,,
,,,,,,,,,,,,,,,,,,,0,,,,,,
,,,,,,,,,,,,,,,,,,,0,,,,,,
,,,,,,,,,,,,,,,,,,,0,,,,,,
,,,,,,,,,,,,,,,,,,,0,,,,,,
,,,,,,,,,,,,,,,,,,,0,,,,,,
,,,,,,,,,,,,,,,,,,,0,,,,,,
,,,,,,,,,,,,,,,,,,,0,,,,,,
,,,,,,,,,,,,,,,,,,,0,,,,,,
,,,,,,,,,,,,,,,,,,,0,,,,,,
,,,,,,,,,,,,,,,,,,,0,,,,,,
,,,,,,,,,,,,,,,,,,,0,,,,,,
,,,,,,,,,,,,,,,,,,,0,,,,,,
,,,,,,,,,,,,,,,,,,,0,,,,,,
,,,,,,,,,,,,,,,,,,,0,,,,,,
,,,,,,,,,,,,,,,,,,,0,,,,,,
,,,,,,,,,,,,,,,,,,,0,,,,,,
,,,,,,,,,,,,,,,,,,,0,,,,,,
,,,,,,,,,,,,,,,,,,,0,,,,,,
,,,,,,,,,,,,,,,,,,,0,,,,,,
,,,,,,,,,,,,,,,,,,,0,,,,,,
,,,,,,,,,,,,,,,,,,,0,,,,,,
,,,,,,,,,,,,,,,,,,,0,,,,,,
,,,,,,,,,,,,,,,,,,,0,,,,,,
,,,,,,,,,,,,,,,,,,,0,,,,,,
,,,,,,,,,,,,,,,,,,,0,,,,,,
,,,,,,,,,,,,,,,,,,,0,,,,,,
,,,,,,,,,,,,,,,,,,,0,,,,,,
,,,,,,,,,,,,,,,,,,,0,,,,,,
,,,,,,,,,,,,,,,,,,,0,,,,,,
,,,,,,,,,,,,,,,,,,,0,,,,,,
,,,,,,,,,,,,,,,,,,,0,,,,,,
,,,,,,,,,,,,,,,,,,,0,,,,,,
,,,,,,,,,,,,,,,,,,,0,,,,,,
,,,,,,,,,,,,,,,,,,,0,,,,,,
,,,,,,,,,,,,,,,,,,,0,,,,,,
,,,,,,,,,,,,,,,,,,,0,,,,,,
,,,,,,,,,,,,,,,,,,,0,,,,,,
,,,,,,,,,,,,,,,,,,,0,,,,,,
,,,,,,,,,,,,,,,,,,,0,,,,,,
,,,,,,,,,,,,,,,,,,,0,,,,,,
,,,,,,,,,,,,,,,,,,,0,,,,,,
,,,,,,,,,,,,,,,,,,,0,,,,,,
,,,,,,,,,,,,,,,,,,,0,,,,,,
,,,,,,,,,,,,,,,,,,,0,,,,,,
,,,,,,,,,,,,,,,,,,,0,,,,,,
,,,,,,,,,,,,,,,,,,,0,,,,,,
,,,,,,,,,,,,,,,,,,,0,,,,,,
,,,,,,,,,,,,,,,,,,,0,,,,,,
,,,,,,,,,,,,,,,,,,,0,,,,,,
,,,,,,,,,,,,,,,,,,,0,,,,,,
,,,,,,,,,,,,,,,,,,,0,,,,,,
,,,,,,,,,,,,,,,,,,,0,,,,,,
,,,,,,,,,,,,,,,,,,,0,,,,,,
,,,,,,,,,,,,,,,,,,,0,,,,,,
,,,,,,,,,,,,,,,,,,,0,,,,,,
,,,,,,,,,,,,,,,,,,,0,,,,,,
,,,,,,,,,,,,,,,,,,,0,,,,,,
,,,,,,,,,,,,,,,,,,,0,,,,,,
,,,,,,,,,,,,,,,,,,,0,,,,,,
,,,,,,,,,,,,,,,,,,,0,,,,,,
,,,,,,,,,,,,,,,,,,,0,,,,,,
,,,,,,,,,,,,,,,,,,,0,,,,,,
,,,,,,,,,,,,,,,,,,,0,,,,,,
,,,,,,,,,,,,,,,,,,,0,,,,,,
,,,,,,,,,,,,,,,,,,,0,,,,,,
,,,,,,,,,,,,,,,,,,,0,,,,,,
,,,,,,,,,,,,,,,,,,,0,,,,,,
,,,,,,,,,,,,,,,,,,,0,,,,,,
,,,,,,,,,,,,,,,,,,,0,,,,,,
,,,,,,,,,,,,,,,,,,,0,,,,,,
,,,,,,,,,,,,,,,,,,,0,,,,,,
,,,,,,,,,,,,,,,,,,,0,,,,,,
,,,,,,,,,,,,,,,,,,,0,,,,,,
,,,,,,,,,,,,,,,,,,,0,,,,,,
,,,,,,,,,,,,,,,,,,,0,,,,,,
,,,,,,,,,,,,,,,,,,,0,,,,,,
,,,,,,,,,,,,,,,,,,,0,,,,,,
,,,,,,,,,,,,,,,,,,,0,,,,,,
,,,,,,,,,,,,,,,,,,,0,,,,,,
,,,,,,,,,,,,,,,,,,,0,,,,,,
,,,,,,,,,,,,,,,,,,,0,,,,,,
,,,,,,,,,,,,,,,,,,,0,,,,,,
,,,,,,,,,,,,,,,,,,,0,,,,,,
,,,,,,,,,,,,,,,,,,,0,,,,,,
,,,,,,,,,,,,,,,,,,,0,,,,,,
,,,,,,,,,,,,,,,,,,,0,,,,,,
,,,,,,,,,,,,,,,,,,,0,,,,,,
,,,,,,,,,,,,,,,,,,,0,,,,,,
,,,,,,,,,,,,,,,,,,,0,,,,,,
,,,,,,,,,,,,,,,,,,,0,,,,,,
,,,,,,,,,,,,,,,,,,,0,,,,,,
,,,,,,,,,,,,,,,,,,,0,,,,,,
,,,,,,,,,,,,,,,,,,,0,,,,,,
,,,,,,,,,,,,,,,,,,,0,,,,,,
,,,,,,,,,,,,,,,,,,,0,,,,,,
,,,,,,,,,,,,,,,,,,,0,,,,,,
,,,,,,,,,,,,,,,,,,,0,,,,,,
,,,,,,,,,,,,,,,,,,,0,,,,,,
,,,,,,,,,,,,,,,,,,,0,,,,,,
,,,,,,,,,,,,,,,,,,,0,,,,,,
,,,,,,,,,,,,,,,,,,,0,,,,,,
,,,,,,,,,,,,,,,,,,,0,,,,,,
,,,,,,,,,,,,,,,,,,,0,,,,,,
,,,,,,,,,,,,,,,,,,,0,,,,,,
,,,,,,,,,,,,,,,,,,,0,,,,,,
,,,,,,,,,,,,,,,,,,,0,,,,,,
,,,,,,,,,,,,,,,,,,,0,,,,,,
,,,,,,,,,,,,,,,,,,,0,,,,,,
,,,,,,,,,,,,,,,,,,,0,,,,,,
,,,,,,,,,,,,,,,,,,,0,,,,,,
,,,,,,,,,,,,,,,,,,,0,,,,,,
,,,,,,,,,,,,,,,,,,,0,,,,,,
,,,,,,,,,,,,,,,,,,,0,,,,,,
,,,,,,,,,,,,,,,,,,,0,,,,,,
,,,,,,,,,,,,,,,,,,,0,,,,,,
,,,,,,,,,,,,,,,,,,,0,,,,,,
,,,,,,,,,,,,,,,,,,,0,,,,,,
,,,,,,,,,,,,,,,,,,,0,,,,,,
,,,,,,,,,,,,,,,,,,,0,,,,,,
,,,,,,,,,,,,,,,,,,,0,,,,,,
,,,,,,,,,,,,,,,,,,,0,,,,,,
,,,,,,,,,,,,,,,,,,,0,,,,,,
,,,,,,,,,,,,,,,,,,,0,,,,,,
,,,,,,,,,,,,,,,,,,,0,,,,,,
,,,,,,,,,,,,,,,,,,,0,,,,,,
,,,,,,,,,,,,,,,,,,,0,,,,,,
,,,,,,,,,,,,,,,,,,,0,,,,,,
,,,,,,,,,,,,,,,,,,,0,,,,,,
,,,,,,,,,,,,,,,,,,,0,,,,,,
,,,,,,,,,,,,,,,,,,,0,,,,,,
,,,,,,,,,,,,,,,,,,,0,,,,,,
,,,,,,,,,,,,,,,,,,,0,,,,,,
,,,,,,,,,,,,,,,,,,,0,,,,,,
,,,,,,,,,,,,,,,,,,,0,,,,,,
,,,,,,,,,,,,,,,,,,,0,,,,,,
,,,,,,,,,,,,,,,,,,,0,,,,,,
,,,,,,,,,,,,,,,,,,,0,,,,,,
,,,,,,,,,,,,,,,,,,,0,,,,,,
,,,,,,,,,,,,,,,,,,,0,,,,,,
,,,,,,,,,,,,,,,,,,,0,,,,,,
,,,,,,,,,,,,,,,,,,,0,,,,,,
,,,,,,,,,,,,,,,,,,,0,,,,,,
,,,,,,,,,,,,,,,,,,,0,,,,,,
,,,,,,,,,,,,,,,,,,,0,,,,,,
,,,,,,,,,,,,,,,,,,,0,,,,,,
,,,,,,,,,,,,,,,,,,,0,,,,,,
,,,,,,,,,,,,,,,,,,,0,,,,,,
,,,,,,,,,,,,,,,,,,,0,,,,,,
,,,,,,,,,,,,,,,,,,,0,,,,,,
,,,,,,,,,,,,,,,,,,,0,,,,,,
,,,,,,,,,,,,,,,,,,,0,,,,,,
,,,,,,,,,,,,,,,,,,,0,,,,,,
,,,,,,,,,,,,,,,,,,,0,,,,,,
,,,,,,,,,,,,,,,,,,,0,,,,,,
,,,,,,,,,,,,,,,,,,,0,,,,,,
,,,,,,,,,,,,,,,,,,,0,,,,,,
,,,,,,,,,,,,,,,,,,,0,,,,,,
,,,,,,,,,,,,,,,,,,,0,,,,,,
,,,,,,,,,,,,,,,,,,,0,,,,,,
,,,,,,,,,,,,,,,,,,,0,,,,,,
,,,,,,,,,,,,,,,,,,,0,,,,,,
,,,,,,,,,,,,,,,,,,,0,,,,,,
,,,,,,,,,,,,,,,,,,,0,,,,,,
,,,,,,,,,,,,,,,,,,,0,,,,,,
,,,,,,,,,,,,,,,,,,,0,,,,,,
,,,,,,,,,,,,,,,,,,,0,,,,,,
,,,,,,,,,,,,,,,,,,,0,,,,,,
,,,,,,,,,,,,,,,,,,,0,,,,,,
,,,,,,,,,,,,,,,,,,,0,,,,,,
,,,,,,,,,,,,,,,,,,,0,,,,,,
,,,,,,,,,,,,,,,,,,,0,,,,,,
,,,,,,,,,,,,,,,,,,,0,,,,,,
,,,,,,,,,,,,,,,,,,,0,,,,,,
,,,,,,,,,,,,,,,,,,,0,,,,,,
,,,,,,,,,,,,,,,,,,,0,,,,,,
,,,,,,,,,,,,,,,,,,,0,,,,,,
,,,,,,,,,,,,,,,,,,,0,,,,,,
,,,,,,,,,,,,,,,,,,,0,,,,,,
,,,,,,,,,,,,,,,,,,,0,,,,,,
,,,,,,,,,,,,,,,,,,,0,,,,,,
,,,,,,,,,,,,,,,,,,,0,,,,,,
,,,,,,,,,,,,,,,,,,,0,,,,,,
,,,,,,,,,,,,,,,,,,,0,,,,,,
,,,,,,,,,,,,,,,,,,,0,,,,,,
,,,,,,,,,,,,,,,,,,,0,,,,,,
,,,,,,,,,,,,,,,,,,,0,,,,,,
,,,,,,,,,,,,,,,,,,,0,,,,,,
,,,,,,,,,,,,,,,,,,,0,,,,,,
,,,,,,,,,,,,,,,,,,,0,,,,,,
,,,,,,,,,,,,,,,,,,,0,,,,,,
,,,,,,,,,,,,,,,,,,,0,,,,,,
,,,,,,,,,,,,,,,,,,,0,,,,,,
,,,,,,,,,,,,,,,,,,,0,,,,,,
,,,,,,,,,,,,,,,,,,,0,,,,,,
,,,,,,,,,,,,,,,,,,,0,,,,,,
,,,,,,,,,,,,,,,,,,,0,,,,,,
,,,,,,,,,,,,,,,,,,,0,,,,,,
,,,,,,,,,,,,,,,,,,,0,,,,,,
,,,,,,,,,,,,,,,,,,,0,,,,,,
,,,,,,,,,,,,,,,,,,,0,,,,,,
,,,,,,,,,,,,,,,,,,,0,,,,,,
,,,,,,,,,,,,,,,,,,,0,,,,,,
,,,,,,,,,,,,,,,,,,,0,,,,,,
,,,,,,,,,,,,,,,,,,,0,,,,,,
,,,,,,,,,,,,,,,,,,,0,,,,,,
,,,,,,,,,,,,,,,,,,,0,,,,,,
,,,,,,,,,,,,,,,,,,,0,,,,,,
,,,,,,,,,,,,,,,,,,,0,,,,,,
,,,,,,,,,,,,,,,,,,,0,,,,,,
,,,,,,,,,,,,,,,,,,,0,,,,,,
,,,,,,,,,,,,,,,,,,,0,,,,,,
,,,,,,,,,,,,,,,,,,,0,,,,,,
,,,,,,,,,,,,,,,,,,,0,,,,,,
,,,,,,,,,,,,,,,,,,,0,,,,,,
,,,,,,,,,,,,,,,,,,,0,,,,,,
,,,,,,,,,,,,,,,,,,,0,,,,,,
,,,,,,,,,,,,,,,,,,,0,,,,,,
,,,,,,,,,,,,,,,,,,,0,,,,,,
,,,,,,,,,,,,,,,,,,,0,,,,,,
,,,,,,,,,,,,,,,,,,,0,,,,,,
,,,,,,,,,,,,,,,,,,,0,,,,,,
,,,,,,,,,,,,,,,,,,,0,,,,,,
,,,,,,,,,,,,,,,,,,,0,,,,,,
,,,,,,,,,,,,,,,,,,,0,,,,,,
,,,,,,,,,,,,,,,,,,,0,,,,,,
,,,,,,,,,,,,,,,,,,,0,,,,,,
,,,,,,,,,,,,,,,,,,,0,,,,,,
,,,,,,,,,,,,,,,,,,,0,,,,,,
,,,,,,,,,,,,,,,,,,,0,,,,,,
,,,,,,,,,,,,,,,,,,,0,,,,,,
,,,,,,,,,,,,,,,,,,,0,,,,,,
,,,,,,,,,,,,,,,,,,,0,,,,,,
,,,,,,,,,,,,,,,,,,,0,,,,,,
,,,,,,,,,,,,,,,,,,,0,,,,,,
,,,,,,,,,,,,,,,,,,,0,,,,,,
,,,,,,,,,,,,,,,,,,,0,,,,,,
,,,,,,,,,,,,,,,,,,,0,,,,,,
,,,,,,,,,,,,,,,,,,,0,,,,,,
,,,,,,,,,,,,,,,,,,,0,,,,,,
,,,,,,,,,,,,,,,,,,,0,,,,,,
,,,,,,,,,,,,,,,,,,,0,,,,,,
,,,,,,,,,,,,,,,,,,,0,,,,,,
,,,,,,,,,,,,,,,,,,,0,,,,,,
,,,,,,,,,,,,,,,,,,,0,,,,,,
,,,,,,,,,,,,,,,,,,,0,,,,,,
,,,,,,,,,,,,,,,,,,,0,,,,,,
,,,,,,,,,,,,,,,,,,,0,,,,,,
,,,,,,,,,,,,,,,,,,,0,,,,,,
,,,,,,,,,,,,,,,,,,,0,,,,,,
,,,,,,,,,,,,,,,,,,,0,,,,,,
,,,,,,,,,,,,,,,,,,,0,,,,,,
,,,,,,,,,,,,,,,,,,,0,,,,,,
,,,,,,,,,,,,,,,,,,,0,,,,,,
,,,,,,,,,,,,,,,,,,,0,,,,,,
,,,,,,,,,,,,,,,,,,,0,,,,,,
,,,,,,,,,,,,,,,,,,,0,,,,,,
,,,,,,,,,,,,,,,,,,,0,,,,,,
,,,,,,,,,,,,,,,,,,,0,,,,,,
,,,,,,,,,,,,,,,,,,,0,,,,,,
,,,,,,,,,,,,,,,,,,,0,,,,,,
,,,,,,,,,,,,,,,,,,,0,,,,,,
,,,,,,,,,,,,,,,,,,,0,,,,,,
,,,,,,,,,,,,,,,,,,,0,,,,,,
,,,,,,,,,,,,,,,,,,,0,,,,,,
,,,,,,,,,,,,,,,,,,,0,,,,,,
,,,,,,,,,,,,,,,,,,,0,,,,,,
,,,,,,,,,,,,,,,,,,,0,,,,,,
,,,,,,,,,,,,,,,,,,,0,,,,,,
,,,,,,,,,,,,,,,,,,,0,,,,,,
,,,,,,,,,,,,,,,,,,,0,,,,,,
,,,,,,,,,,,,,,,,,,,0,,,,,,
,,,,,,,,,,,,,,,,,,,0,,,,,,
,,,,,,,,,,,,,,,,,,,0,,,,,,
,,,,,,,,,,,,,,,,,,,0,,,,,,
,,,,,,,,,,,,,,,,,,,0,,,,,,
,,,,,,,,,,,,,,,,,,,0,,,,,,
,,,,,,,,,,,,,,,,,,,0,,,,,,
,,,,,,,,,,,,,,,,,,,0,,,,,,
,,,,,,,,,,,,,,,,,,,0,,,,,,
,,,,,,,,,,,,,,,,,,,0,,,,,,
,,,,,,,,,,,,,,,,,,,0,,,,,,
,,,,,,,,,,,,,,,,,,,0,,,,,,
,,,,,,,,,,,,,,,,,,,0,,,,,,
,,,,,,,,,,,,,,,,,,,0,,,,,,
,,,,,,,,,,,,,,,,,,,0,,,,,,
,,,,,,,,,,,,,,,,,,,0,,,,,,
,,,,,,,,,,,,,,,,,,,0,,,,,,
,,,,,,,,,,,,,,,,,,,0,,,,,,
,,,,,,,,,,,,,,,,,,,0,,,,,,
,,,,,,,,,,,,,,,,,,,0,,,,,,
,,,,,,,,,,,,,,,,,,,0,,,,,,
,,,,,,,,,,,,,,,,,,,0,,,,,,
,,,,,,,,,,,,,,,,,,,0,,,,,,
,,,,,,,,,,,,,,,,,,,0,,,,,,
,,,,,,,,,,,,,,,,,,,0,,,,,,
,,,,,,,,,,,,,,,,,,,0,,,,,,
,,,,,,,,,,,,,,,,,,,0,,,,,,
,,,,,,,,,,,,,,,,,,,0,,,,,,
,,,,,,,,,,,,,,,,,,,0,,,,,,
,,,,,,,,,,,,,,,,,,,0,,,,,,
,,,,,,,,,,,,,,,,,,,0,,,,,,
,,,,,,,,,,,,,,,,,,,0,,,,,,
,,,,,,,,,,,,,,,,,,,0,,,,,,
,,,,,,,,,,,,,,,,,,,0,,,,,,
,,,,,,,,,,,,,,,,,,,0,,,,,,
,,,,,,,,,,,,,,,,,,,0,,,,,,
,,,,,,,,,,,,,,,,,,,0,,,,,,
,,,,,,,,,,,,,,,,,,,0,,,,,,
,,,,,,,,,,,,,,,,,,,0,,,,,,
,,,,,,,,,,,,,,,,,,,0,,,,,,
,,,,,,,,,,,,,,,,,,,0,,,,,,
,,,,,,,,,,,,,,,,,,,0,,,,,,
,,,,,,,,,,,,,,,,,,,0,,,,,,
,,,,,,,,,,,,,,,,,,,0,,,,,,
,,,,,,,,,,,,,,,,,,,0,,,,,,
,,,,,,,,,,,,,,,,,,,0,,,,,,
,,,,,,,,,,,,,,,,,,,0,,,,,,
,,,,,,,,,,,,,,,,,,,0,,,,,,
,,,,,,,,,,,,,,,,,,,0,,,,,,
,,,,,,,,,,,,,,,,,,,0,,,,,,
,,,,,,,,,,,,,,,,,,,0,,,,,,
,,,,,,,,,,,,,,,,,,,0,,,,,,
,,,,,,,,,,,,,,,,,,,0,,,,,,
,,,,,,,,,,,,,,,,,,,0,,,,,,
,,,,,,,,,,,,,,,,,,,0,,,,,,
,,,,,,,,,,,,,,,,,,,0,,,,,,
,,,,,,,,,,,,,,,,,,,0,,,,,,
,,,,,,,,,,,,,,,,,,,0,,,,,,
,,,,,,,,,,,,,,,,,,,0,,,,,,
,,,,,,,,,,,,,,,,,,,0,,,,,,
,,,,,,,,,,,,,,,,,,,0,,,,,,
,,,,,,,,,,,,,,,,,,,0,,,,,,
,,,,,,,,,,,,,,,,,,,0,,,,,,
,,,,,,,,,,,,,,,,,,,0,,,,,,
,,,,,,,,,,,,,,,,,,,0,,,,,,
,,,,,,,,,,,,,,,,,,,0,,,,,,
,,,,,,,,,,,,,,,,,,,0,,,,,,
,,,,,,,,,,,,,,,,,,,0,,,,,,
,,,,,,,,,,,,,,,,,,,0,,,,,,
,,,,,,,,,,,,,,,,,,,0,,,,,,
,,,,,,,,,,,,,,,,,,,0,,,,,,
,,,,,,,,,,,,,,,,,,,0,,,,,,
,,,,,,,,,,,,,,,,,,,0,,,,,,
,,,,,,,,,,,,,,,,,,,0,,,,,,
,,,,,,,,,,,,,,,,,,,0,,,,,,
,,,,,,,,,,,,,,,,,,,0,,,,,,
,,,,,,,,,,,,,,,,,,,0,,,,,,
,,,,,,,,,,,,,,,,,,,0,,,,,,
,,,,,,,,,,,,,,,,,,,0,,,,,,
,,,,,,,,,,,,,,,,,,,0,,,,,,
,,,,,,,,,,,,,,,,,,,0,,,,,,
,,,,,,,,,,,,,,,,,,,0,,,,,,
,,,,,,,,,,,,,,,,,,,0,,,,,,
,,,,,,,,,,,,,,,,,,,0,,,,,,
,,,,,,,,,,,,,,,,,,,0,,,,,,
,,,,,,,,,,,,,,,,,,,0,,,,,,
,,,,,,,,,,,,,,,,,,,0,,,,,,
,,,,,,,,,,,,,,,,,,,0,,,,,,
,,,,,,,,,,,,,,,,,,,0,,,,,,
,,,,,,,,,,,,,,,,,,,0,,,,,,
,,,,,,,,,,,,,,,,,,,0,,,,,,
,,,,,,,,,,,,,,,,,,,0,,,,,,
,,,,,,,,,,,,,,,,,,,0,,,,,,
,,,,,,,,,,,,,,,,,,,0,,,,,,
,,,,,,,,,,,,,,,,,,,0,,,,,,
,,,,,,,,,,,,,,,,,,,0,,,,,,
,,,,,,,,,,,,,,,,,,,0,,,,,,
,,,,,,,,,,,,,,,,,,,0,,,,,,
,,,,,,,,,,,,,,,,,,,0,,,,,,
,,,,,,,,,,,,,,,,,,,0,,,,,,
,,,,,,,,,,,,,,,,,,,0,,,,,,
,,,,,,,,,,,,,,,,,,,0,,,,,,
,,,,,,,,,,,,,,,,,,,0,,,,,,
,,,,,,,,,,,,,,,,,,,0,,,,,,
,,,,,,,,,,,,,,,,,,,0,,,,,,
,,,,,,,,,,,,,,,,,,,0,,,,,,
,,,,,,,,,,,,,,,,,,,0,,,,,,
,,,,,,,,,,,,,,,,,,,0,,,,,,
,,,,,,,,,,,,,,,,,,,0,,,,,,
,,,,,,,,,,,,,,,,,,,0,,,,,,
,,,,,,,,,,,,,,,,,,,0,,,,,,
,,,,,,,,,,,,,,,,,,,0,,,,,,
,,,,,,,,,,,,,,,,,,,0,,,,,,
,,,,,,,,,,,,,,,,,,,0,,,,,,
,,,,,,,,,,,,,,,,,,,0,,,,,,
,,,,,,,,,,,,,,,,,,,0,,,,,,
,,,,,,,,,,,,,,,,,,,0,,,,,,
,,,,,,,,,,,,,,,,,,,0,,,,,,
,,,,,,,,,,,,,,,,,,,0,,,,,,
,,,,,,,,,,,,,,,,,,,0,,,,,,
,,,,,,,,,,,,,,,,,,,0,,,,,,
,,,,,,,,,,,,,,,,,,,0,,,,,,
,,,,,,,,,,,,,,,,,,,0,,,,,,
,,,,,,,,,,,,,,,,,,,0,,,,,,
,,,,,,,,,,,,,,,,,,,0,,,,,,
,,,,,,,,,,,,,,,,,,,0,,,,,,
,,,,,,,,,,,,,,,,,,,0,,,,,,
,,,,,,,,,,,,,,,,,,,0,,,,,,
,,,,,,,,,,,,,,,,,,,0,,,,,,
,,,,,,,,,,,,,,,,,,,0,,,,,,
,,,,,,,,,,,,,,,,,,,0,,,,,,
,,,,,,,,,,,,,,,,,,,0,,,,,,
,,,,,,,,,,,,,,,,,,,0,,,,,,
,,,,,,,,,,,,,,,,,,,0,,,,,,
,,,,,,,,,,,,,,,,,,,0,,,,,,
,,,,,,,,,,,,,,,,,,,0,,,,,,
,,,,,,,,,,,,,,,,,,,0,,,,,,
,,,,,,,,,,,,,,,,,,,0,,,,,,
,,,,,,,,,,,,,,,,,,,0,,,,,,
,,,,,,,,,,,,,,,,,,,0,,,,,,
,,,,,,,,,,,,,,,,,,,0,,,,,,
,,,,,,,,,,,,,,,,,,,0,,,,,,
,,,,,,,,,,,,,,,,,,,0,,,,,,
,,,,,,,,,,,,,,,,,,,0,,,,,,
,,,,,,,,,,,,,,,,,,,0,,,,,,
,,,,,,,,,,,,,,,,,,,0,,,,,,
,,,,,,,,,,,,,,,,,,,0,,,,,,
,,,,,,,,,,,,,,,,,,,0,,,,,,
,,,,,,,,,,,,,,,,,,,0,,,,,,
,,,,,,,,,,,,,,,,,,,0,,,,,,
,,,,,,,,,,,,,,,,,,,0,,,,,,
,,,,,,,,,,,,,,,,,,,0,,,,,,
,,,,,,,,,,,,,,,,,,,0,,,,,,
,,,,,,,,,,,,,,,,,,,0,,,,,,
,,,,,,,,,,,,,,,,,,,0,,,,,,
,,,,,,,,,,,,,,,,,,,0,,,,,,
,,,,,,,,,,,,,,,,,,,0,,,,,,
,,,,,,,,,,,,,,,,,,,0,,,,,,
,,,,,,,,,,,,,,,,,,,0,,,,,,
,,,,,,,,,,,,,,,,,,,0,,,,,,
,,,,,,,,,,,,,,,,,,,0,,,,,,
,,,,,,,,,,,,,,,,,,,0,,,,,,
,,,,,,,,,,,,,,,,,,,0,,,,,,
,,,,,,,,,,,,,,,,,,,0,,,,,,
,,,,,,,,,,,,,,,,,,,0,,,,,,
,,,,,,,,,,,,,,,,,,,0,,,,,,
,,,,,,,,,,,,,,,,,,,0,,,,,,
,,,,,,,,,,,,,,,,,,,0,,,,,,
,,,,,,,,,,,,,,,,,,,0,,,,,,
,,,,,,,,,,,,,,,,,,,0,,,,,,
,,,,,,,,,,,,,,,,,,,0,,,,,,
,,,,,,,,,,,,,,,,,,,0,,,,,,
,,,,,,,,,,,,,,,,,,,0,,,,,,
,,,,,,,,,,,,,,,,,,,0,,,,,,
,,,,,,,,,,,,,,,,,,,0,,,,,,
,,,,,,,,,,,,,,,,,,,0,,,,,,
,,,,,,,,,,,,,,,,,,,0,,,,,,
,,,,,,,,,,,,,,,,,,,0,,,,,,
,,,,,,,,,,,,,,,,,,,0,,,,,,
,,,,,,,,,,,,,,,,,,,0,,,,,,
,,,,,,,,,,,,,,,,,,,0,,,,,,
,,,,,,,,,,,,,,,,,,,0,,,,,,
,,,,,,,,,,,,,,,,,,,0,,,,,,
,,,,,,,,,,,,,,,,,,,0,,,,,,
,,,,,,,,,,,,,,,,,,,0,,,,,,
,,,,,,,,,,,,,,,,,,,0,,,,,,
,,,,,,,,,,,,,,,,,,,0,,,,,,
,,,,,,,,,,,,,,,,,,,0,,,,,,
,,,,,,,,,,,,,,,,,,,0,,,,,,
,,,,,,,,,,,,,,,,,,,0,,,,,,
,,,,,,,,,,,,,,,,,,,0,,,,,,
,,,,,,,,,,,,,,,,,,,0,,,,,,
,,,,,,,,,,,,,,,,,,,0,,,,,,
,,,,,,,,,,,,,,,,,,,0,,,,,,
,,,,,,,,,,,,,,,,,,,0,,,,,,
,,,,,,,,,,,,,,,,,,,0,,,,,,
,,,,,,,,,,,,,,,,,,,0,,,,,,
,,,,,,,,,,,,,,,,,,,0,,,,,,
,,,,,,,,,,,,,,,,,,,0,,,,,,
,,,,,,,,,,,,,,,,,,,0,,,,,,
,,,,,,,,,,,,,,,,,,,0,,,,,,
,,,,,,,,,,,,,,,,,,,0,,,,,,
,,,,,,,,,,,,,,,,,,,0,,,,,,
,,,,,,,,,,,,,,,,,,,0,,,,,,
,,,,,,,,,,,,,,,,,,,0,,,,,,
,,,,,,,,,,,,,,,,,,,0,,,,,,
,,,,,,,,,,,,,,,,,,,0,,,,,,
,,,,,,,,,,,,,,,,,,,0,,,,,,
,,,,,,,,,,,,,,,,,,,0,,,,,,
,,,,,,,,,,,,,,,,,,,0,,,,,,
,,,,,,,,,,,,,,,,,,,0,,,,,,
,,,,,,,,,,,,,,,,,,,0,,,,,,
,,,,,,,,,,,,,,,,,,,0,,,,,,
,,,,,,,,,,,,,,,,,,,0,,,,,,
,,,,,,,,,,,,,,,,,,,0,,,,,,
,,,,,,,,,,,,,,,,,,,0,,,,,,
,,,,,,,,,,,,,,,,,,,0,,,,,,
,,,,,,,,,,,,,,,,,,,0,,,,,,
,,,,,,,,,,,,,,,,,,,0,,,,,,
,,,,,,,,,,,,,,,,,,,0,,,,,,
,,,,,,,,,,,,,,,,,,,0,,,,,,
,,,,,,,,,,,,,,,,,,,0,,,,,,
,,,,,,,,,,,,,,,,,,,0,,,,,,
,,,,,,,,,,,,,,,,,,,0,,,,,,
,,,,,,,,,,,,,,,,,,,0,,,,,,
,,,,,,,,,,,,,,,,,,,0,,,,,,
,,,,,,,,,,,,,,,,,,,0,,,,,,
,,,,,,,,,,,,,,,,,,,0,,,,,,
,,,,,,,,,,,,,,,,,,,0,,,,,,
,,,,,,,,,,,,,,,,,,,0,,,,,,
,,,,,,,,,,,,,,,,,,,0,,,,,,
,,,,,,,,,,,,,,,,,,,0,,,,,,
,,,,,,,,,,,,,,,,,,,0,,,,,,
,,,,,,,,,,,,,,,,,,,0,,,,,,
,,,,,,,,,,,,,,,,,,,0,,,,,,
,,,,,,,,,,,,,,,,,,,0,,,,,,
,,,,,,,,,,,,,,,,,,,0,,,,,,
,,,,,,,,,,,,,,,,,,,0,,,,,,
,,,,,,,,,,,,,,,,,,,0,,,,,,
,,,,,,,,,,,,,,,,,,,0,,,,,,
,,,,,,,,,,,,,,,,,,,0,,,,,,
,,,,,,,,,,,,,,,,,,,0,,,,,,
,,,,,,,,,,,,,,,,,,,0,,,,,,
,,,,,,,,,,,,,,,,,,,0,,,,,,
,,,,,,,,,,,,,,,,,,,0,,,,,,
,,,,,,,,,,,,,,,,,,,0,,,,,,
,,,,,,,,,,,,,,,,,,,0,,,,,,
,,,,,,,,,,,,,,,,,,,0,,,,,,
,,,,,,,,,,,,,,,,,,,0,,,,,,
,,,,,,,,,,,,,,,,,,,0,,,,,,
,,,,,,,,,,,,,,,,,,,0,,,,,,
,,,,,,,,,,,,,,,,,,,0,,,,,,
,,,,,,,,,,,,,,,,,,,0,,,,,,
,,,,,,,,,,,,,,,,,,,0,,,,,,
,,,,,,,,,,,,,,,,,,,0,,,,,,
,,,,,,,,,,,,,,,,,,,0,,,,,,
,,,,,,,,,,,,,,,,,,,0,,,,,,
,,,,,,,,,,,,,,,,,,,0,,,,,,
,,,,,,,,,,,,,,,,,,,0,,,,,,
,,,,,,,,,,,,,,,,,,,0,,,,,,
,,,,,,,,,,,,,,,,,,,0,,,,,,
,,,,,,,,,,,,,,,,,,,0,,,,,,
,,,,,,,,,,,,,,,,,,,0,,,,,,
,,,,,,,,,,,,,,,,,,,0,,,,,,
,,,,,,,,,,,,,,,,,,,0,,,,,,
,,,,,,,,,,,,,,,,,,,0,,,,,,
,,,,,,,,,,,,,,,,,,,0,,,,,,
,,,,,,,,,,,,,,,,,,,0,,,,,,
,,,,,,,,,,,,,,,,,,,0,,,,,,
,,,,,,,,,,,,,,,,,,,0,,,,,,
,,,,,,,,,,,,,,,,,,,0,,,,,,
,,,,,,,,,,,,,,,,,,,0,,,,,,
,,,,,,,,,,,,,,,,,,,0,,,,,,
,,,,,,,,,,,,,,,,,,,0,,,,,,
,,,,,,,,,,,,,,,,,,,0,,,,,,
,,,,,,,,,,,,,,,,,,,0,,,,,,
,,,,,,,,,,,,,,,,,,,0,,,,,,
,,,,,,,,,,,,,,,,,,,0,,,,,,
,,,,,,,,,,,,,,,,,,,0,,,,,,
,,,,,,,,,,,,,,,,,,,0,,,,,,
,,,,,,,,,,,,,,,,,,,0,,,,,,
,,,,,,,,,,,,,,,,,,,0,,,,,,
,,,,,,,,,,,,,,,,,,,0,,,,,,
,,,,,,,,,,,,,,,,,,,0,,,,,,
,,,,,,,,,,,,,,,,,,,0,,,,,,
,,,,,,,,,,,,,,,,,,,0,,,,,,
,,,,,,,,,,,,,,,,,,,0,,,,,,
,,,,,,,,,,,,,,,,,,,0,,,,,,
,,,,,,,,,,,,,,,,,,,0,,,,,,
,,,,,,,,,,,,,,,,,,,0,,,,,,
,,,,,,,,,,,,,,,,,,,0,,,,,,
,,,,,,,,,,,,,,,,,,,0,,,,,,
,,,,,,,,,,,,,,,,,,,0,,,,,,
,,,,,,,,,,,,,,,,,,,0,,,,,,
,,,,,,,,,,,,,,,,,,,0,,,,,,
,,,,,,,,,,,,,,,,,,,0,,,,,,
,,,,,,,,,,,,,,,,,,,0,,,,,,
,,,,,,,,,,,,,,,,,,,0,,,,,,
,,,,,,,,,,,,,,,,,,,0,,,,,,
,,,,,,,,,,,,,,,,,,,0,,,,,,
,,,,,,,,,,,,,,,,,,,0,,,,,,
,,,,,,,,,,,,,,,,,,,0,,,,,,
,,,,,,,,,,,,,,,,,,,0,,,,,,
,,,,,,,,,,,,,,,,,,,0,,,,,,
,,,,,,,,,,,,,,,,,,,0,,,,,,
,,,,,,,,,,,,,,,,,,,0,,,,,,
,,,,,,,,,,,,,,,,,,,0,,,,,,
,,,,,,,,,,,,,,,,,,,0,,,,,,
,,,,,,,,,,,,,,,,,,,0,,,,,,
,,,,,,,,,,,,,,,,,,,0,,,,,,
,,,,,,,,,,,,,,,,,,,0,,,,,,
,,,,,,,,,,,,,,,,,,,0,,,,,,
,,,,,,,,,,,,,,,,,,,0,,,,,,
,,,,,,,,,,,,,,,,,,,0,,,,,,
,,,,,,,,,,,,,,,,,,,0,,,,,,
,,,,,,,,,,,,,,,,,,,0,,,,,,
,,,,,,,,,,,,,,,,,,,0,,,,,,
,,,,,,,,,,,,,,,,,,,0,,,,,,
,,,,,,,,,,,,,,,,,,,0,,,,,,
,,,,,,,,,,,,,,,,,,,0,,,,,,
,,,,,,,,,,,,,,,,,,,0,,,,,,
,,,,,,,,,,,,,,,,,,,0,,,,,,
,,,,,,,,,,,,,,,,,,,0,,,,,,
,,,,,,,,,,,,,,,,,,,0,,,,,,
,,,,,,,,,,,,,,,,,,,0,,,,,,
,,,,,,,,,,,,,,,,,,,0,,,,,,
,,,,,,,,,,,,,,,,,,,0,,,,,,
,,,,,,,,,,,,,,,,,,,0,,,,,,
,,,,,,,,,,,,,,,,,,,0,,,,,,
,,,,,,,,,,,,,,,,,,,0,,,,,,
,,,,,,,,,,,,,,,,,,,0,,,,,,
,,,,,,,,,,,,,,,,,,,0,,,,,,
,,,,,,,,,,,,,,,,,,,0,,,,,,
,,,,,,,,,,,,,,,,,,,0,,,,,,
,,,,,,,,,,,,,,,,,,,0,,,,,,
,,,,,,,,,,,,,,,,,,,0,,,,,,
,,,,,,,,,,,,,,,,,,,0,,,,,,
,,,,,,,,,,,,,,,,,,,0,,,,,,
,,,,,,,,,,,,,,,,,,,0,,,,,,
,,,,,,,,,,,,,,,,,,,0,,,,,,
,,,,,,,,,,,,,,,,,,,0,,,,,,
,,,,,,,,,,,,,,,,,,,0,,,,,,
,,,,,,,,,,,,,,,,,,,0,,,,,,
,,,,,,,,,,,,,,,,,,,0,,,,,,
,,,,,,,,,,,,,,,,,,,0,,,,,,
,,,,,,,,,,,,,,,,,,,0,,,,,,
,,,,,,,,,,,,,,,,,,,0,,,,,,
,,,,,,,,,,,,,,,,,,,0,,,,,,
,,,,,,,,,,,,,,,,,,,0,,,,,,
,,,,,,,,,,,,,,,,,,,0,,,,,,
,,,,,,,,,,,,,,,,,,,0,,,,,,
,,,,,,,,,,,,,,,,,,,0,,,,,,
,,,,,,,,,,,,,,,,,,,0,,,,,,
,,,,,,,,,,,,,,,,,,,0,,,,,,
,,,,,,,,,,,,,,,,,,,0,,,,,,
,,,,,,,,,,,,,,,,,,,0,,,,,,
,,,,,,,,,,,,,,,,,,,0,,,,,,
,,,,,,,,,,,,,,,,,,,0,,,,,,
,,,,,,,,,,,,,,,,,,,0,,,,,,
,,,,,,,,,,,,,,,,,,,0,,,,,,
,,,,,,,,,,,,,,,,,,,0,,,,,,
,,,,,,,,,,,,,,,,,,,0,,,,,,
,,,,,,,,,,,,,,,,,,,0,,,,,,
,,,,,,,,,,,,,,,,,,,0,,,,,,
,,,,,,,,,,,,,,,,,,,0,,,,,,
,,,,,,,,,,,,,,,,,,,0,,,,,,
,,,,,,,,,,,,,,,,,,,0,,,,,,
,,,,,,,,,,,,,,,,,,,0,,,,,,
,,,,,,,,,,,,,,,,,,,0,,,,,,
,,,,,,,,,,,,,,,,,,,0,,,,,,
,,,,,,,,,,,,,,,,,,,0,,,,,,
,,,,,,,,,,,,,,,,,,,0,,,,,,
,,,,,,,,,,,,,,,,,,,0,,,,,,
,,,,,,,,,,,,,,,,,,,0,,,,,,
,,,,,,,,,,,,,,,,,,,0,,,,,,
,,,,,,,,,,,,,,,,,,,0,,,,,,
,,,,,,,,,,,,,,,,,,,0,,,,,,
,,,,,,,,,,,,,,,,,,,0,,,,,,
,,,,,,,,,,,,,,,,,,,0,,,,,,
,,,,,,,,,,,,,,,,,,,0,,,,,,
,,,,,,,,,,,,,,,,,,,0,,,,,,
,,,,,,,,,,,,,,,,,,,0,,,,,,
,,,,,,,,,,,,,,,,,,,0,,,,,,
,,,,,,,,,,,,,,,,,,,0,,,,,,
,,,,,,,,,,,,,,,,,,,0,,,,,,
,,,,,,,,,,,,,,,,,,,0,,,,,,
,,,,,,,,,,,,,,,,,,,0,,,,,,
,,,,,,,,,,,,,,,,,,,0,,,,,,
,,,,,,,,,,,,,,,,,,,0,,,,,,
,,,,,,,,,,,,,,,,,,,0,,,,,,
,,,,,,,,,,,,,,,,,,,0,,,,,,
,,,,,,,,,,,,,,,,,,,0,,,,,,
,,,,,,,,,,,,,,,,,,,0,,,,,,
,,,,,,,,,,,,,,,,,,,0,,,,,,
,,,,,,,,,,,,,,,,,,,0,,,,,,
,,,,,,,,,,,,,,,,,,,0,,,,,,
,,,,,,,,,,,,,,,,,,,0,,,,,,
,,,,,,,,,,,,,,,,,,,0,,,,,,
,,,,,,,,,,,,,,,,,,,0,,,,,,
,,,,,,,,,,,,,,,,,,,0,,,,,,
,,,,,,,,,,,,,,,,,,,0,,,,,,
,,,,,,,,,,,,,,,,,,,0,,,,,,
,,,,,,,,,,,,,,,,,,,0,,,,,,
,,,,,,,,,,,,,,,,,,,0,,,,,,
,,,,,,,,,,,,,,,,,,,0,,,,,,
,,,,,,,,,,,,,,,,,,,0,,,,,,
,,,,,,,,,,,,,,,,,,,0,,,,,,
,,,,,,,,,,,,,,,,,,,0,,,,,,
,,,,,,,,,,,,,,,,,,,0,,,,,,
,,,,,,,,,,,,,,,,,,,0,,,,,,
,,,,,,,,,,,,,,,,,,,0,,,,,,
,,,,,,,,,,,,,,,,,,,0,,,,,,
,,,,,,,,,,,,,,,,,,,0,,,,,,
,,,,,,,,,,,,,,,,,,,0,,,,,,
,,,,,,,,,,,,,,,,,,,0,,,,,,
,,,,,,,,,,,,,,,,,,,0,,,,,,
,,,,,,,,,,,,,,,,,,,0,,,,,,
,,,,,,,,,,,,,,,,,,,0,,,,,,
,,,,,,,,,,,,,,,,,,,0,,,,,,
,,,,,,,,,,,,,,,,,,,0,,,,,,
,,,,,,,,,,,,,,,,,,,0,,,,,,
,,,,,,,,,,,,,,,,,,,0,,,,,,
,,,,,,,,,,,,,,,,,,,0,,,,,,
,,,,,,,,,,,,,,,,,,,0,,,,,,
,,,,,,,,,,,,,,,,,,,0,,,,,,
,,,,,,,,,,,,,,,,,,,0,,,,,,
,,,,,,,,,,,,,,,,,,,0,,,,,,
,,,,,,,,,,,,,,,,,,,0,,,,,,
,,,,,,,,,,,,,,,,,,,0,,,,,,
,,,,,,,,,,,,,,,,,,,0,,,,,,
,,,,,,,,,,,,,,,,,,,0,,,,,,
,,,,,,,,,,,,,,,,,,,0,,,,,,
,,,,,,,,,,,,,,,,,,,0,,,,,,
,,,,,,,,,,,,,,,,,,,0,,,,,,
,,,,,,,,,,,,,,,,,,,0,,,,,,
,,,,,,,,,,,,,,,,,,,0,,,,,,
,,,,,,,,,,,,,,,,,,,0,,,,,,
,,,,,,,,,,,,,,,,,,,0,,,,,,
,,,,,,,,,,,,,,,,,,,0,,,,,,
,,,,,,,,,,,,,,,,,,,0,,,,,,
,,,,,,,,,,,,,,,,,,,0,,,,,,
,,,,,,,,,,,,,,,,,,,0,,,,,,
,,,,,,,,,,,,,,,,,,,0,,,,,,
,,,,,,,,,,,,,,,,,,,0,,,,,,
,,,,,,,,,,,,,,,,,,,0,,,,,,
,,,,,,,,,,,,,,,,,,,0,,,,,,
,,,,,,,,,,,,,,,,,,,0,,,,,,
,,,,,,,,,,,,,,,,,,,0,,,,,,
,,,,,,,,,,,,,,,,,,,0,,,,,,
,,,,,,,,,,,,,,,,,,,0,,,,,,
,,,,,,,,,,,,,,,,,,,0,,,,,,
,,,,,,,,,,,,,,,,,,,0,,,,,,
,,,,,,,,,,,,,,,,,,,0,,,,,,
,,,,,,,,,,,,,,,,,,,0,,,,,,
,,,,,,,,,,,,,,,,,,,0,,,,,,
,,,,,,,,,,,,,,,,,,,0,,,,,,
,,,,,,,,,,,,,,,,,,,0,,,,,,
,,,,,,,,,,,,,,,,,,,0,,,,,,
,,,,,,,,,,,,,,,,,,,0,,,,,,
,,,,,,,,,,,,,,,,,,,0,,,,,,
,,,,,,,,,,,,,,,,,,,0,,,,,,
,,,,,,,,,,,,,,,,,,,0,,,,,,
,,,,,,,,,,,,,,,,,,,0,,,,,,
,,,,,,,,,,,,,,,,,,,0,,,,,,
,,,,,,,,,,,,,,,,,,,0,,,,,,
,,,,,,,,,,,,,,,,,,,0,,,,,,
,,,,,,,,,,,,,,,,,,,0,,,,,,
,,,,,,,,,,,,,,,,,,,0,,,,,,
,,,,,,,,,,,,,,,,,,,0,,,,,,
,,,,,,,,,,,,,,,,,,,0,,,,,,
,,,,,,,,,,,,,,,,,,,0,,,,,,
,,,,,,,,,,,,,,,,,,,0,,,,,,
,,,,,,,,,,,,,,,,,,,0,,,,,,
,,,,,,,,,,,,,,,,,,,0,,,,,,
,,,,,,,,,,,,,,,,,,,0,,,,,,
,,,,,,,,,,,,,,,,,,,0,,,,,,
,,,,,,,,,,,,,,,,,,,0,,,,,,
,,,,,,,,,,,,,,,,,,,0,,,,,,
,,,,,,,,,,,,,,,,,,,0,,,,,,
,,,,,,,,,,,,,,,,,,,0,,,,,,
,,,,,,,,,,,,,,,,,,,0,,,,,,
,,,,,,,,,,,,,,,,,,,0,,,,,,
,,,,,,,,,,,,,,,,,,,0,,,,,,
,,,,,,,,,,,,,,,,,,,0,,,,,,
,,,,,,,,,,,,,,,,,,,0,,,,,,
,,,,,,,,,,,,,,,,,,,0,,,,,,
,,,,,,,,,,,,,,,,,,,0,,,,,,
,,,,,,,,,,,,,,,,,,,0,,,,,,
,,,,,,,,,,,,,,,,,,,0,,,,,,
,,,,,,,,,,,,,,,,,,,0,,,,,,
,,,,,,,,,,,,,,,,,,,0,,,,,,
,,,,,,,,,,,,,,,,,,,0,,,,,,
,,,,,,,,,,,,,,,,,,,0,,,,,,
,,,,,,,,,,,,,,,,,,,0,,,,,,
,,,,,,,,,,,,,,,,,,,0,,,,,,
,,,,,,,,,,,,,,,,,,,0,,,,,,
,,,,,,,,,,,,,,,,,,,0,,,,,,
,,,,,,,,,,,,,,,,,,,0,,,,,,
,,,,,,,,,,,,,,,,,,,0,,,,,,
,,,,,,,,,,,,,,,,,,,0,,,,,,
,,,,,,,,,,,,,,,,,,,0,,,,,,
,,,,,,,,,,,,,,,,,,,0,,,,,,
,,,,,,,,,,,,,,,,,,,0,,,,,,
,,,,,,,,,,,,,,,,,,,0,,,,,,
,,,,,,,,,,,,,,,,,,,0,,,,,,
,,,,,,,,,,,,,,,,,,,0,,,,,,
,,,,,,,,,,,,,,,,,,,0,,,,,,
,,,,,,,,,,,,,,,,,,,0,,,,,,
,,,,,,,,,,,,,,,,,,,0,,,,,,
,,,,,,,,,,,,,,,,,,,0,,,,,,
,,,,,,,,,,,,,,,,,,,0,,,,,,
,,,,,,,,,,,,,,,,,,,0,,,,,,
,,,,,,,,,,,,,,,,,,,0,,,,,,
,,,,,,,,,,,,,,,,,,,0,,,,,,
,,,,,,,,,,,,,,,,,,,0,,,,,,
,,,,,,,,,,,,,,,,,,,0,,,,,,
,,,,,,,,,,,,,,,,,,,0,,,,,,
,,,,,,,,,,,,,,,,,,,0,,,,,,
,,,,,,,,,,,,,,,,,,,0,,,,,,
,,,,,,,,,,,,,,,,,,,0,,,,,,
,,,,,,,,,,,,,,,,,,,0,,,,,,
,,,,,,,,,,,,,,,,,,,0,,,,,,
,,,,,,,,,,,,,,,,,,,0,,,,,,
,,,,,,,,,,,,,,,,,,,0,,,,,,
,,,,,,,,,,,,,,,,,,,0,,,,,,
,,,,,,,,,,,,,,,,,,,0,,,,,,
,,,,,,,,,,,,,,,,,,,0,,,,,,
,,,,,,,,,,,,,,,,,,,0,,,,,,
,,,,,,,,,,,,,,,,,,,0,,,,,,
,,,,,,,,,,,,,,,,,,,0,,,,,,
,,,,,,,,,,,,,,,,,,,0,,,,,,
,,,,,,,,,,,,,,,,,,,0,,,,,,
,,,,,,,,,,,,,,,,,,,0,,,,,,
,,,,,,,,,,,,,,,,,,,0,,,,,,
,,,,,,,,,,,,,,,,,,,0,,,,,,
,,,,,,,,,,,,,,,,,,,0,,,,,,
,,,,,,,,,,,,,,,,,,,0,,,,,,
,,,,,,,,,,,,,,,,,,,0,,,,,,
,,,,,,,,,,,,,,,,,,,0,,,,,,
,,,,,,,,,,,,,,,,,,,0,,,,,,
,,,,,,,,,,,,,,,,,,,0,,,,,,
,,,,,,,,,,,,,,,,,,,0,,,,,,
,,,,,,,,,,,,,,,,,,,0,,,,,,
,,,,,,,,,,,,,,,,,,,0,,,,,,
,,,,,,,,,,,,,,,,,,,0,,,,,,
,,,,,,,,,,,,,,,,,,,0,,,,,,
,,,,,,,,,,,,,,,,,,,0,,,,,,
,,,,,,,,,,,,,,,,,,,0,,,,,,
,,,,,,,,,,,,,,,,,,,0,,,,,,
,,,,,,,,,,,,,,,,,,,0,,,,,,
,,,,,,,,,,,,,,,,,,,0,,,,,,
,,,,,,,,,,,,,,,,,,,0,,,,,,
,,,,,,,,,,,,,,,,,,,0,,,,,,
,,,,,,,,,,,,,,,,,,,0,,,,,,
,,,,,,,,,,,,,,,,,,,0,,,,,,
,,,,,,,,,,,,,,,,,,,0,,,,,,
,,,,,,,,,,,,,,,,,,,0,,,,,,
,,,,,,,,,,,,,,,,,,,0,,,,,,
,,,,,,,,,,,,,,,,,,,0,,,,,,
,,,,,,,,,,,,,,,,,,,0,,,,,,
,,,,,,,,,,,,,,,,,,,0,,,,,,
,,,,,,,,,,,,,,,,,,,0,,,,,,
,,,,,,,,,,,,,,,,,,,0,,,,,,
,,,,,,,,,,,,,,,,,,,0,,,,,,
,,,,,,,,,,,,,,,,,,,0,,,,,,
,,,,,,,,,,,,,,,,,,,0,,,,,,
,,,,,,,,,,,,,,,,,,,0,,,,,,
,,,,,,,,,,,,,,,,,,,0,,,,,,
,,,,,,,,,,,,,,,,,,,0,,,,,,
,,,,,,,,,,,,,,,,,,,0,,,,,,
,,,,,,,,,,,,,,,,,,,0,,,,,,
,,,,,,,,,,,,,,,,,,,0,,,,,,
,,,,,,,,,,,,,,,,,,,0,,,,,,
,,,,,,,,,,,,,,,,,,,0,,,,,,
,,,,,,,,,,,,,,,,,,,0,,,,,,
,,,,,,,,,,,,,,,,,,,0,,,,,,
,,,,,,,,,,,,,,,,,,,0,,,,,,
,,,,,,,,,,,,,,,,,,,0,,,,,,
,,,,,,,,,,,,,,,,,,,0,,,,,,
,,,,,,,,,,,,,,,,,,,0,,,,,,
,,,,,,,,,,,,,,,,,,,0,,,,,,
,,,,,,,,,,,,,,,,,,,0,,,,,,
,,,,,,,,,,,,,,,,,,,0,,,,,,
,,,,,,,,,,,,,,,,,,,0,,,,,,
,,,,,,,,,,,,,,,,,,,0,,,,,,
,,,,,,,,,,,,,,,,,,,0,,,,,,
,,,,,,,,,,,,,,,,,,,0,,,,,,
,,,,,,,,,,,,,,,,,,,0,,,,,,
,,,,,,,,,,,,,,,,,,,0,,,,,,
,,,,,,,,,,,,,,,,,,,0,,,,,,
,,,,,,,,,,,,,,,,,,,0,,,,,,
,,,,,,,,,,,,,,,,,,,0,,,,,,